처음 시작하는 R 데이터 분석,http://www.hanbit.co.kr/store/books/look.php?p_code=B6952054209
오준석의 안드로이드 생존코딩(코틀린 편),http://www.hanbit.co.kr/store/books/look.php?p_code=B6910482773
처음 배우는 스프링 부트 2,http://www.hanbit.co.kr/store/books/look.php?p_code=B4458049183
돈의 마법,http://www.hanbit.co.kr/store/books/look.php?p_code=B3043718990
퀴즈 그림 찾기,http://www.hanbit.co.kr/store/books/look.php?p_code=B5099518814
하나 다른 그림 찾기,http://www.hanbit.co.kr/store/books/look.php?p_code=B3155316207
다른 그림 찾기,http://www.hanbit.co.kr/store/books/look.php?p_code=B8338535067
회사에서 바로 통하는 실무 엑셀+파워포인트+워드&한글,http://www.hanbit.co.kr/store/books/look.php?p_code=B8635373198
퇴근길 인문학 수업 1권 : 멈춤,http://www.hanbit.co.kr/store/books/look.php?p_code=B8533961758
RxJS 프로그래밍: 75가지 핵심 문법과 예제로 익히는 RxJS 기초,http://www.hanbit.co.kr/store/books/look.php?p_code=B2578596304
리얼 후쿠오카 PLUS 벳푸 · 유후인 [2018~2019년 최신판],http://www.hanbit.co.kr/store/books/look.php?p_code=B1984493876
스프링 5 레시피(4판),http://www.hanbit.co.kr/store/books/look.php?p_code=B3859466837
자바를 활용한 딥러닝,http://www.hanbit.co.kr/store/books/look.php?p_code=B4774300045
회사에서 바로 통하는 엑셀 실무 강의,http://www.hanbit.co.kr/store/books/look.php?p_code=B6320134176
아마추어,http://www.hanbit.co.kr/store/books/look.php?p_code=B4534892648
우주에도 우리처럼,http://www.hanbit.co.kr/store/books/look.php?p_code=B7534117022
“사랑해”를 쓰는 40가지 방법,http://www.hanbit.co.kr/store/books/look.php?p_code=B6370742670
모던 스타트업,http://www.hanbit.co.kr/store/books/look.php?p_code=B1211451725
파이썬 웹 프로그래밍(개정판),http://www.hanbit.co.kr/store/books/look.php?p_code=B4329597070
이젠 내 시간표대로 살겠습니다,http://www.hanbit.co.kr/store/books/look.php?p_code=B2680149100
"피, 땀, 픽셀 : 트리플 A 게임은 어떻게 만들어지는가",http://www.hanbit.co.kr/store/books/look.php?p_code=B3409534326
"엔트리, 피지컬 컴퓨팅을 만나다",http://www.hanbit.co.kr/store/books/look.php?p_code=B6142075412
회사에서 바로 통하는 오토캐드 2019,http://www.hanbit.co.kr/store/books/look.php?p_code=B8627769894
맛있는 디자인 프리미어 프로&애프터 이펙트 CC 2018,http://www.hanbit.co.kr/store/books/look.php?p_code=B1184560899
맛있는 디자인 포토샵&인디자인 CC 2018,http://www.hanbit.co.kr/store/books/look.php?p_code=B1131615065
만들면서 배우는 워드프레스(개정판),http://www.hanbit.co.kr/store/books/look.php?p_code=B5821607640
처음 배우는 암호화,http://www.hanbit.co.kr/store/books/look.php?p_code=B3633028491
MATLAB으로 배우는 공학 수치해석(개정판),http://www.hanbit.co.kr/store/books/look.php?p_code=B9631702376
길고양이들은 배고프지 말 것,http://www.hanbit.co.kr/store/books/look.php?p_code=B1138690092
나의 첫 안드로이드 : 처음 시작하는 개발자를 위한,http://www.hanbit.co.kr/store/books/look.php?p_code=B5456425817
누가 김부장을 죽였나,http://www.hanbit.co.kr/store/books/look.php?p_code=B5427264036
윤피티의 SNS 콘텐츠 만들기 with 파워포인트,http://www.hanbit.co.kr/store/books/look.php?p_code=B9588685062
Head First Android Development : 개념과 구조를 머릿속에 그려주는 안드로이드 개발 입문서(개정판),http://www.hanbit.co.kr/store/books/look.php?p_code=B8159020052
"3D 프린터 101 : 기초부터 활용까지, 3D 프린터의 모든 것(개정판)",http://www.hanbit.co.kr/store/books/look.php?p_code=B1487300385
그것이 R고 싶다,http://www.hanbit.co.kr/store/books/look.php?p_code=B8272913423
"IT CookBook, 모바일 UI/UX 디자인 실무",http://www.hanbit.co.kr/store/books/look.php?p_code=B1065544454
리얼 뉴질랜드 [2018~2019년 최신판],http://www.hanbit.co.kr/store/books/look.php?p_code=B7919280342
이것이 C#이다,http://www.hanbit.co.kr/store/books/look.php?p_code=B8279658831
맛있는 디자인 애프터 이펙트 CC 2018,http://www.hanbit.co.kr/store/books/look.php?p_code=B3191830019
"IT CookBook, 쉽게 배우는 운영체제",http://www.hanbit.co.kr/store/books/look.php?p_code=B5471691739
"IT CookBook, C 언어 for Beginner(개정3판)",http://www.hanbit.co.kr/store/books/look.php?p_code=B5535813349
"IT CookBook, R로 배우는 딥러닝",http://www.hanbit.co.kr/store/books/look.php?p_code=B6991848765
대한민국 아파트 부의 지도,http://www.hanbit.co.kr/store/books/look.php?p_code=B7726292801
만만한 통계 : Excel 활용,http://www.hanbit.co.kr/store/books/look.php?p_code=B4290613609
문과생도 이해하는 확률과 통계,http://www.hanbit.co.kr/store/books/look.php?p_code=B6949228447
"IT CookBook, 엑셀 2016",http://www.hanbit.co.kr/store/books/look.php?p_code=B8712296509
Hello Coding 한입에 쏙 파이썬,http://www.hanbit.co.kr/store/books/look.php?p_code=B5915471368
수식이 보이는 공학수학 : Engineering Mathematics (개정판),http://www.hanbit.co.kr/store/books/look.php?p_code=B8821819707
로봇 시대에 불시착한 문과형 인간,http://www.hanbit.co.kr/store/books/look.php?p_code=B2327819224
고객이 보이는 구글 애널리틱스,http://www.hanbit.co.kr/store/books/look.php?p_code=B1476589193
