죽고 싶지만 떡볶이는 먹고 싶어,백세희,"12,420원"
돌이킬 수 없는 약속,야쿠마루 가쿠,"13,500원"
21세기를 위한 21가지 제언,유발 하라리,"19,800원"
"곰돌이 푸, 행복한 일은 매일 있어",곰돌이 푸 (원작),"10,800원"
나는 나로 살기로 했다(100쇄 기념 스페셜 에디션)(양장본 HardCover),김수현,"12,420원"
초격차(양장본 HardCover),권오현,"16,200원"
언어의 온도(100만부 돌파 기념 양장 특별판),이기주,"12,420원"
열두 발자국,정재승,"15,120원"
나미야 잡화점의 기적(양장본 HardCover),히가시노 게이고,"13,320원"
뼈 있는 아무 말 대잔치,신영준,"14,220원"
82년생 김지영(오늘의 젊은 작가 13)(양장본 HardCover),조남주,"11,700원"
역사의 역사,유시민,"14,400원"
살인의 문. 1(양장본 HardCover),히가시노 게이고,"13,320원"
오늘처럼 내가 싫었던 날은 없다,글배우,"14,400원"
인생 우화(양장본 HardCover),류시화,"14,400원"
모든 순간이 너였다,하태완,"12,420원"
사피엔스,유발 하라리,"19,800원"
하마터면 열심히 살 뻔했다,하완,"13,500원"
해리. 1,공지영,"13,050원"
무례한 사람에게 웃으며 대처하는 법,정문정,"12,420원"
